-- selecting no columns
select 1 from foo;
 ?col 0? 
---------
       1
       1
       1
(3 rows)

-- simple select
select a, b from foo;
   a   | b 
-------+---
 one   | 1
 two   | 2
 three | 3
(3 rows)

-- nonexistent columns
select a, c from foo;
ERROR:  Unknown column c
-- mixing columns and literals
select 1, a, 2, b from foo;
 ?col 0? |   a   | ?col 2? | b 
---------+-------+---------+---
       1 | one   |       2 | 1
       1 | two   |       2 | 2
       1 | three |       2 | 3
(3 rows)

-- renaming columns
select a as aa, b as bb from foo;
  aa   | bb 
-------+----
 one   |  1
 two   |  2
 three |  3
(3 rows)

-- nonexistent tables
select 1 from bar;
ERROR:  Unknown table bar
